case_id,method,success,path_length,expanded_nodes,runtime_ms
0,A*,1,35.45584487915039,29,12.631
0,Neural A*,1,38.284271240234375,43,20.126
0,iA*,1,35.45584487915039,29,25.4339
1,A*,1,39.798988342285156,60,11.4178
1,Neural A*,1,42.284271240234375,58,12.473
1,iA*,1,41.213199615478516,49,18.5694
2,A*,1,33.72792053222656,31,6.5926
2,Neural A*,1,37.870059967041016,31,7.9366
2,iA*,1,33.72792434692383,31,23.0695
3,A*,1,30.79899024963379,26,5.3183
3,Neural A*,1,31.627416610717773,26,8.068
3,iA*,1,30.79899024963379,26,13.6663
4,A*,1,44.35533905029297,205,39.036
4,Neural A*,1,46.0121955871582,102,20.138
4,iA*,1,47.52690887451172,133,37.1243
5,A*,1,31.384777069091797,45,9.1511
5,Neural A*,1,32.21320343017578,36,9.2061
5,iA*,1,31.384777069091797,36,16.8534
6,A*,1,36.94112777709961,28,5.5577
6,Neural A*,1,38.35533905029297,29,7.567
6,iA*,1,36.94112777709961,28,13.6292
7,A*,1,27.627416610717773,22,4.884
7,Neural A*,1,29.284271240234375,22,6.6805
7,iA*,1,27.627416610717773,22,14.0499
8,A*,1,33.55635070800781,31,6.3872
8,Neural A*,1,38.87005615234375,34,10.6875
8,iA*,1,32.97056198120117,29,17.1071
9,A*,1,33.62741470336914,53,10.5042
9,Neural A*,1,36.941123962402344,30,10.3168
9,iA*,1,33.62741470336914,41,16.9571
10,A*,1,31.62741470336914,26,5.5602
10,Neural A*,1,32.455841064453125,27,6.9918
10,iA*,1,31.627418518066406,26,14.4481
11,A*,1,40.97056579589844,172,33.1692
11,Neural A*,1,45.94112014770508,141,30.4693
11,iA*,1,40.970558166503906,117,30.6126
12,A*,1,35.798988342285156,182,34.7288
12,Neural A*,1,38.284271240234375,163,35.0677
12,iA*,1,35.798988342285156,165,40.3588
13,A*,1,40.04163360595703,34,8.2626
13,Neural A*,1,41.698486328125,34,8.4136
13,iA*,1,40.0416259765625,34,17.6042
14,A*,1,33.798988342285156,29,6.0618
14,Neural A*,1,35.455841064453125,34,8.2797
14,iA*,1,33.798988342285156,29,14.3616
15,A*,1,32.72792053222656,30,6.3309
15,Neural A*,1,34.38477325439453,37,8.542
15,iA*,1,32.72792053222656,30,14.6718
16,A*,1,32.87005615234375,26,4.9534
16,Neural A*,1,34.52690887451172,27,7.879
16,iA*,1,32.87005615234375,26,13.5348
17,A*,1,28.727920532226562,27,5.3124
17,Neural A*,1,31.21320343017578,26,7.2946
17,iA*,1,28.727920532226562,26,15.9583
18,A*,1,25.55634880065918,47,9.0644
18,Neural A*,1,27.21320343017578,44,11.9938
18,iA*,1,27.21320343017578,35,16.786
19,A*,1,32.97056198120117,29,5.6307
19,Neural A*,1,35.455841064453125,35,9.2946
19,iA*,1,32.97056198120117,29,15.2412
20,A*,1,47.041629791259766,282,55.4666
20,Neural A*,1,51.18376159667969,163,32.8594
20,iA*,1,47.041629791259766,168,43.9503
21,A*,1,45.79898452758789,127,23.6421
21,Neural A*,1,49.941123962402344,105,23.3527
21,iA*,1,47.455841064453125,94,27.2506
22,A*,1,31.313705444335938,108,21.6793
22,Neural A*,1,36.284271240234375,134,28.4019
22,iA*,1,31.31370735168457,98,29.2967
23,A*,1,30.970561981201172,28,5.8523
23,Neural A*,1,35.55634689331055,36,8.8988
23,iA*,1,30.970561981201172,27,14.0143
24,A*,1,17.414213180541992,18,3.7546
24,Neural A*,1,21.55634880065918,18,5.2383
24,iA*,1,17.414213180541992,18,11.8344
25,A*,1,36.041629791259766,30,5.6871
25,Neural A*,1,37.698482513427734,31,7.4837
25,iA*,1,36.041629791259766,30,14.1022
26,A*,1,24.6568546295166,24,5.8669
26,Neural A*,1,27.970561981201172,24,8.0164
26,iA*,1,24.65685272216797,24,13.3949
27,A*,1,52.698482513427734,303,56.454
27,Neural A*,1,57.669044494628906,194,39.0316
27,iA*,1,52.698482513427734,198,46.9242
28,A*,1,31.31370735168457,88,15.6572
28,Neural A*,1,34.62741470336914,97,20.8674
28,iA*,1,31.31370735168457,72,22.4251
29,A*,1,31.455841064453125,25,4.8738
29,Neural A*,1,34.870059967041016,28,7.1831
29,iA*,1,31.455841064453125,25,14.0164
30,A*,1,43.112701416015625,76,14.7203
30,Neural A*,1,44.769554138183594,43,10.2561
30,iA*,1,43.698486328125,54,19.6877
31,A*,1,22.556346893310547,19,4.3575
31,Neural A*,1,24.21320152282715,20,6.4035
31,iA*,1,22.556346893310547,19,13.8198
32,A*,1,34.798988342285156,30,6.3771
32,Neural A*,1,37.284271240234375,30,8.6047
32,iA*,1,34.798988342285156,30,16.2238
33,A*,1,30.62741470336914,60,13.6199
33,Neural A*,1,33.94112777709961,25,6.7481
33,iA*,1,31.45584487915039,66,23.0827
34,A*,1,41.970558166503906,100,20.0726
34,Neural A*,1,48.59797668457031,103,21.9172
34,iA*,1,43.62741470336914,74,25.1779
35,A*,1,35.041629791259766,134,25.5501
35,Neural A*,1,41.52691650390625,106,21.9474
35,iA*,1,37.041629791259766,86,25.0397
36,A*,1,25.798988342285156,21,4.5192
36,Neural A*,1,27.213205337524414,23,6.4572
36,iA*,1,25.79899024963379,21,12.8385
37,A*,1,26.485280990600586,25,5.7197
37,Neural A*,1,31.455841064453125,25,7.0456
37,iA*,1,26.48528289794922,25,16.1224
38,A*,1,20.071067810058594,19,4.5355
38,Neural A*,1,22.55634880065918,19,5.8913
38,iA*,1,20.071067810058594,19,12.8331
39,A*,1,36.62741470336914,32,6.8229
39,Neural A*,1,41.11269760131836,36,8.8091
39,iA*,1,36.62741470336914,31,15.57
40,A*,1,49.698482513427734,247,48.4799
40,Neural A*,1,55.497474670410156,192,40.1962
40,iA*,1,49.698482513427734,195,48.6646
41,A*,1,20.899494171142578,19,4.4676
41,Neural A*,1,22.55634880065918,19,7.6192
41,iA*,1,20.899494171142578,19,13.1138
42,A*,1,30.798992156982422,26,5.6275
42,Neural A*,1,34.94112777709961,28,7.5671
42,iA*,1,30.798988342285156,26,14.4842
43,A*,1,31.970561981201172,28,6.183
43,Neural A*,1,35.041629791259766,29,8.0863
43,iA*,1,31.97056007385254,28,15.0244
44,A*,1,28.79899024963379,24,5.2266
44,Neural A*,1,31.627416610717773,26,6.8846
44,iA*,1,28.79899024963379,24,14.9873
45,A*,1,40.97056579589844,139,28.2451
45,Neural A*,1,47.59798049926758,148,30.228
45,iA*,1,40.97056198120117,79,23.6956
46,A*,1,45.941123962402344,103,20.2266
46,Neural A*,1,52.18376159667969,69,15.7666
46,iA*,1,48.526912689208984,71,24.461
47,A*,1,40.3137092590332,38,7.7206
47,Neural A*,1,43.62741470336914,61,14.1063
47,iA*,1,40.3137092590332,38,17.6956
48,A*,1,21.313705444335938,19,3.8636
48,Neural A*,1,27.798992156982422,34,8.7654
48,iA*,1,21.31370735168457,19,11.6479
49,A*,1,40.284271240234375,146,27.0579
49,Neural A*,1,42.769554138183594,100,20.5226
49,iA*,1,41.94112777709961,98,29.8698
50,A*,1,30.970561981201172,32,6.7008
50,Neural A*,1,35.11269760131836,30,9.2314
50,iA*,1,31.798988342285156,29,15.3535
51,A*,1,34.3847770690918,172,33.2512
51,Neural A*,1,40.76955032348633,158,33.2769
51,iA*,1,34.38477325439453,134,37.4422
52,A*,1,19.6568546295166,19,4.4363
52,Neural A*,1,22.142135620117188,19,6.6386
52,iA*,1,19.6568546295166,19,14.4661
53,A*,1,32.97056198120117,29,5.7124
53,Neural A*,1,35.455841064453125,34,9.1974
53,iA*,1,32.97056198120117,29,15.3347
54,A*,1,28.313709259033203,26,5.5494
54,Neural A*,1,33.284271240234375,28,7.8537
54,iA*,1,28.313709259033203,26,13.4574
55,A*,1,36.14213562011719,33,6.4046
55,Neural A*,1,40.284271240234375,46,10.7621
55,iA*,1,36.14213562011719,33,16.0252
56,A*,1,38.14213562011719,135,25.2227
56,Neural A*,1,43.11269760131836,143,28.6226
56,iA*,1,38.14213562011719,89,28.4653
57,A*,1,19.727920532226562,17,3.9686
57,Neural A*,1,20.55634880065918,18,6.5191
57,iA*,1,19.727922439575195,17,13.2231
58,A*,1,37.79898452758789,33,6.3957
58,Neural A*,1,40.28426742553711,41,10.3553
58,iA*,1,37.79898452758789,33,14.886
59,A*,1,31.899492263793945,30,5.8405
59,Neural A*,1,34.38477325439453,39,10.3808
59,iA*,1,31.899492263793945,30,15.8689
60,A*,1,32.45584487915039,26,6.279
60,Neural A*,1,34.698486328125,27,6.9794
60,iA*,1,32.45584487915039,26,14.4094
61,A*,1,38.11269760131836,30,5.92
61,Neural A*,1,38.11269760131836,32,7.9869
61,iA*,1,38.112701416015625,30,13.9806
62,A*,1,29.55634880065918,26,5.0235
62,Neural A*,1,30.384775161743164,30,9.0443
62,iA*,1,29.55634880065918,26,16.1543
63,A*,1,41.21320343017578,36,8.6987
63,Neural A*,1,43.698486328125,44,11.6365
63,iA*,1,41.21320343017578,36,16.3369
64,A*,1,33.38477325439453,29,5.5001
64,Neural A*,1,35.62741470336914,30,7.4294
64,iA*,1,33.38477325439453,29,13.5991
65,A*,1,28.55634880065918,62,11.7423
65,Neural A*,1,31.87005615234375,56,12.5674
65,iA*,1,30.21320152282715,54,18.2182
66,A*,1,23.556350708007812,20,4.1426
66,Neural A*,1,31.21320343017578,39,9.7065
66,iA*,1,23.556346893310547,20,13.2719
67,A*,1,40.87005615234375,34,7.8457
67,Neural A*,1,40.87005615234375,53,11.4371
67,iA*,1,40.87005615234375,34,15.0523
68,A*,1,46.11269760131836,164,30.9909
68,Neural A*,1,49.42640686035156,79,16.3792
68,iA*,1,46.698486328125,105,28.3206
69,A*,1,33.041629791259766,27,6.2637
69,Neural A*,1,34.698486328125,27,6.6338
69,iA*,1,33.041629791259766,27,15.5629
70,A*,1,29.21320343017578,24,6.0977
70,Neural A*,1,34.041629791259766,36,10.0415
70,iA*,1,29.21320152282715,24,13.1636
71,A*,1,38.79898452758789,141,27.3017
71,Neural A*,1,44.59797668457031,114,22.8991
71,iA*,1,38.798988342285156,77,23.6739
72,A*,1,38.11269760131836,30,5.9254
72,Neural A*,1,38.94112777709961,30,7.3503
72,iA*,1,38.11269760131836,30,13.6193
73,A*,1,27.21320343017578,22,4.7236
73,Neural A*,1,32.87005615234375,29,7.319
73,iA*,1,27.21320152282715,22,13.7214
74,A*,1,33.3847770690918,29,5.8973
74,Neural A*,1,37.87005615234375,46,12.5589
74,iA*,1,33.38477325439453,29,14.1938
75,A*,1,33.72792053222656,31,6.2936
75,Neural A*,1,37.87005615234375,39,9.1859
75,iA*,1,33.72792053222656,31,14.0299
76,A*,1,31.62741470336914,120,23.4675
76,Neural A*,1,34.941123962402344,81,18.0575
76,iA*,1,32.45584487915039,104,28.8995
77,A*,1,34.28427505493164,27,6.1647
77,Neural A*,1,35.11269760131836,27,7.1801
77,iA*,1,34.28427505493164,27,14.8684
78,A*,1,51.941123962402344,329,62.1228
78,Neural A*,1,56.08326721191406,247,48.187
78,iA*,1,53.112693786621094,273,60.2978
79,A*,1,27.485280990600586,29,5.6645
79,Neural A*,1,29.142133712768555,26,7.7417
79,iA*,1,27.485279083251953,26,16.0923
80,A*,1,41.21320343017578,134,26.5898
80,Neural A*,1,46.18376541137695,104,22.1975
80,iA*,1,41.21320343017578,89,26.7398
81,A*,1,61.94112777709961,405,75.6818
81,Neural A*,1,65.25483703613281,219,42.5665
81,iA*,1,61.94112777709961,210,52.1787
82,A*,1,26.313709259033203,24,4.9986
82,Neural A*,1,27.970561981201172,24,6.8763
82,iA*,1,26.313709259033203,24,13.1887
83,A*,1,18.0,19,3.719
83,Neural A*,1,22.14213752746582,19,5.138
83,iA*,1,18.0,19,12.6177
84,A*,1,28.384777069091797,24,5.3833
84,Neural A*,1,30.041629791259766,24,7.8484
84,iA*,1,28.384777069091797,24,13.5887
85,A*,1,38.94112777709961,30,5.6588
85,Neural A*,1,39.76955032348633,31,7.8914
85,iA*,1,38.94112777709961,30,14.2469
86,A*,1,32.38477325439453,28,5.3344
86,Neural A*,1,34.041629791259766,30,7.5426
86,iA*,1,32.3847770690918,28,14.3535
87,A*,1,53.87005615234375,339,61.5142
87,Neural A*,1,57.18376541137695,228,43.6076
87,iA*,1,53.87005615234375,228,52.6685
88,A*,1,32.455841064453125,26,5.0778
88,Neural A*,1,33.284271240234375,26,7.5227
88,iA*,1,32.455841064453125,26,14.9844
89,A*,1,20.485279083251953,19,4.6218
89,Neural A*,1,21.313709259033203,19,5.6605
89,iA*,1,20.485280990600586,19,12.2823
90,A*,1,52.3553352355957,299,55.7976
90,Neural A*,1,57.325904846191406,205,40.6964
90,iA*,1,52.94112777709961,239,53.8929
91,A*,1,32.48528289794922,120,22.9345
91,Neural A*,1,43.35533905029297,162,33.2663
91,iA*,1,34.14213562011719,104,30.6498
92,A*,1,36.698486328125,29,5.979
92,Neural A*,1,37.526912689208984,30,7.453
92,iA*,1,36.698486328125,29,15.6302
93,A*,1,15.242639541625977,15,3.3686
93,Neural A*,1,18.556350708007812,15,4.941
93,iA*,1,15.242639541625977,15,11.836
94,A*,1,39.45584487915039,33,6.9223
94,Neural A*,1,40.284271240234375,33,8.9822
94,iA*,1,39.45584487915039,33,14.6686
95,A*,1,36.14213562011719,33,6.2131
95,Neural A*,1,39.45584487915039,39,9.101
95,iA*,1,36.14213180541992,33,14.7791
96,A*,1,37.72792434692383,41,7.8245
96,Neural A*,1,41.0416259765625,59,13.1277
96,iA*,1,38.55635070800781,39,15.8835
97,A*,1,41.45584487915039,84,16.512
97,Neural A*,1,43.112701416015625,73,16.2966
97,iA*,1,44.284271240234375,61,20.27
98,A*,1,30.89949607849121,29,6.0969
98,Neural A*,1,34.213199615478516,31,9.0506
98,iA*,1,30.899494171142578,29,15.4017
99,A*,1,30.142133712768555,136,24.8087
99,Neural A*,1,35.11269760131836,112,24.4184
99,iA*,1,30.14213752746582,114,30.306
